#Organism Name,Organism Groups,Strain,BioSample,BioProject,Assembly,Level,Size(Mb),GC%,Replicons,WGS,Scaffolds,CDS,Release Date,GenBank FTP,RefSeq FTP
"Cavia porcellus","Eukaryota;Animals;Mammals","inbred line 2N","SAMN02981223","PRJNA12583","GCA_000151735.1","Scaffold",2723.22,40.1,"mitochondrion MT:NC_000884.1/","AAKN02",3144,37362,"2005-11-04T00:00:00Z","ftp://ftp.ncbi.nlm.nih.gov/genomes/all/GCA/000/151/735/GCA_000151735.1_Cavpor3.0","ftp://ftp.ncbi.nlm.nih.gov/genomes/all/GCF/000/151/735/GCF_000151735.1_Cavpor3.0"
"Ictidomys tridecemlineatus","Eukaryota;Animals;Mammals","#75","SAMN00210855","PRJNA61725","GCA_000236235.1","Scaffold",2478.39,40.5,,"AGTP01",12483,38592,"2011-11-25T00:00:00Z","ftp://ftp.ncbi.nlm.nih.gov/genomes/all/GCA/000/236/235/GCA_000236235.1_SpeTri2.0","ftp://ftp.ncbi.nlm.nih.gov/genomes/all/GCF/000/236/235/GCF_000236235.1_SpeTri2.0"
"Dipodomys ordii","Eukaryota;Animals;Mammals","6190","SAMN02900551","PRJNA20385","GCA_000151885.2","Scaffold",2236.37,42.6,,"ABRO02",65193,29351,"2008-09-18T00:00:00Z","ftp://ftp.ncbi.nlm.nih.gov/genomes/all/GCA/000/151/885/GCA_000151885.2_Dord_2.0","ftp://ftp.ncbi.nlm.nih.gov/genomes/all/GCF/000/151/885/GCF_000151885.1_Dord_2.0"
"Cricetulus griseus","Eukaryota;Animals;Mammals","","SAMN02981352","PRJNA69991","GCA_000223135.1","Scaffold",2399.79,41.6,"mitochondrion MT:NC_007936.1/","AFTD01",109152,38371,"2011-08-03T00:00:00Z","ftp://ftp.ncbi.nlm.nih.gov/genomes/all/GCA/000/223/135/GCA_000223135.1_CriGri_1.0","ftp://ftp.ncbi.nlm.nih.gov/genomes/all/GCF/000/223/135/GCF_000223135.1_CriGri_1.0"
"Heterocephalus glaber","Eukaryota;Animals;Mammals","NMR 29","SAMN00714537","PRJNA72441","GCA_000247695.1","Scaffold",2618.2,41.2,"mitochondrion MT:NC_015112.1/","AHKG01",4229,60814,"2012-02-15T00:00:00Z","ftp://ftp.ncbi.nlm.nih.gov/genomes/all/GCA/000/247/695/GCA_000247695.1_HetGla_female_1.0","ftp://ftp.ncbi.nlm.nih.gov/genomes/all/GCF/000/247/695/GCF_000247695.1_HetGla_female_1.0"
"Glis glis","Eukaryota;Animals;Mammals","US078","SAMN07678015","PRJNA399435","GCA_004027185.1","Scaffold",2462.09,42.3,,"PVJS01",433430,0,"2019-01-16T00:00:00Z","ftp://ftp.ncbi.nlm.nih.gov/genomes/all/GCA/004/027/185/GCA_004027185.1_GliGli_v1_BIUU",
"Thryonomys swinderianus","Eukaryota;Animals;Mammals","US090","SAMN07678129","PRJNA399470","GCA_004025085.1","Scaffold",2662.15,42.8,,"PVIC01",1889641,0,"2019-01-15T00:00:00Z","ftp://ftp.ncbi.nlm.nih.gov/genomes/all/GCA/004/025/085/GCA_004025085.1_ThrSwi_v1_BIUU",
"Castor canadensis","Eukaryota;Animals;Mammals","Ward","SAMN06187566","PRJNA371604","GCA_001984765.1","Scaffold",2518.31,39.7,,"MTKA01",21157,37422,"2017-02-04T00:00:00Z","ftp://ftp.ncbi.nlm.nih.gov/genomes/all/GCA/001/984/765/GCA_001984765.1_C.can_genome_v1.0","ftp://ftp.ncbi.nlm.nih.gov/genomes/all/GCF/001/984/765/GCF_001984765.1_C.can_genome_v1.0"
"Chinchilla lanigera","Eukaryota;Animals;Mammals","Chin_1","SAMN00632093","PRJNA68239","GCA_000276665.1","Scaffold",2390.87,41.4,"mitochondrion MT:NC_021386.1/","AGCD01",2839,45449,"2012-07-06T00:00:00Z","ftp://ftp.ncbi.nlm.nih.gov/genomes/all/GCA/000/276/665/GCA_000276665.1_ChiLan1.0","ftp://ftp.ncbi.nlm.nih.gov/genomes/all/GCF/000/276/665/GCF_000276665.1_ChiLan1.0"
"Jaculus jaculus","Eukaryota;Animals;Mammals","JJ0015","SAMN00728442","PRJNA72445","GCA_000280705.1","Scaffold",2835.25,42.7,"mitochondrion MT:NC_005314.1/","AKZC01",10898,25473,"2012-07-20T00:00:00Z","ftp://ftp.ncbi.nlm.nih.gov/genomes/all/GCA/000/280/705/GCA_000280705.1_JacJac1.0","ftp://ftp.ncbi.nlm.nih.gov/genomes/all/GCF/000/280/705/GCF_000280705.1_JacJac1.0"
"Peromyscus leucopus","Eukaryota;Animals;Mammals","","SAMN03488028","PRJNA533285","GCA_004664715.1","Scaffold",2474.07,42.2,"mitochondrion MT:NC_037180.1/","NMRJ01",1763,41847,"2019-04-05T00:00:00Z","ftp://ftp.ncbi.nlm.nih.gov/genomes/all/GCA/004/664/715/GCA_004664715.1_Pero_0.1","ftp://ftp.ncbi.nlm.nih.gov/genomes/all/GCF/004/664/715/GCF_004664715.1_Pero_0.1"
"Peromyscus californicus insignis","Eukaryota;Animals;Mammals","IS","SAMN10698868","PRJNA513219","GCA_007827085.2","Scaffold",2561.16,41.4,,"VALE02",34124,0,"2019-05-14T00:00:00Z","ftp://ftp.ncbi.nlm.nih.gov/genomes/all/GCA/007/827/085/GCA_007827085.2_ASM782708v2",
"Peromyscus maniculatus bairdii","Eukaryota;Animals;Mammals","","SAMN00848614","PRJNA53563","GCA_000500345.1","Scaffold",2630.54,42.7,,"AYHN01",30921,45588,"2013-11-26T00:00:00Z","ftp://ftp.ncbi.nlm.nih.gov/genomes/all/GCA/000/500/345/GCA_000500345.1_Pman_1.0","ftp://ftp.ncbi.nlm.nih.gov/genomes/all/GCF/000/500/345/GCF_000500345.1_Pman_1.0"
"Octodon degus","Eukaryota;Animals;Mammals","3935","SAMN00769067","PRJNA74595","GCA_000260255.1","Scaffold",2995.89,42.5,"mitochondrion MT:NC_020661.1/","AJSA01",7135,42423,"2012-04-19T00:00:00Z","ftp://ftp.ncbi.nlm.nih.gov/genomes/all/GCA/000/260/255/GCA_000260255.1_OctDeg1.0","ftp://ftp.ncbi.nlm.nih.gov/genomes/all/GCF/000/260/255/GCF_000260255.1_OctDeg1.0"
"Mesocricetus auratus","Eukaryota;Animals;Mammals","Golden Hamster female 1","SAMN00769068","PRJNA77669","GCA_000349665.1","Scaffold",2504.93,43.2,"mitochondrion MT:NC_013276.1/","APMT01",21484,36852,"2013-03-28T00:00:00Z","ftp://ftp.ncbi.nlm.nih.gov/genomes/all/GCA/000/349/665/GCA_000349665.1_MesAur1.0","ftp://ftp.ncbi.nlm.nih.gov/genomes/all/GCF/000/349/665/GCF_000349665.1_MesAur1.0"
"Nannospalax galili","Eukaryota;Animals;Mammals","Female #2095","SAMN02299330","PRJNA254049","GCA_000622305.1","Scaffold",3061.42,41.6,"mitochondrion MT:NC_020754.1/","AXCS01",154976,47817,"2014-04-04T00:00:00Z","ftp://ftp.ncbi.nlm.nih.gov/genomes/all/GCA/000/622/305/GCA_000622305.1_S.galili_v1.0","ftp://ftp.ncbi.nlm.nih.gov/genomes/all/GCF/000/622/305/GCF_000622305.1_S.galili_v1.0"
"Myodes glareolus","Eukaryota;Animals;Mammals","","SAMEA5971946","PRJEB34572","GCA_902806735.1","Scaffold",2323.04,42,,"CADCXP01",635,0,"2020-02-20T00:00:00Z","ftp://ftp.ncbi.nlm.nih.gov/genomes/all/GCA/902/806/735/GCA_902806735.1_Bank_vole1_10x",
"Marmota monax","Eukaryota;Animals;Mammals","","SAMEA91498168","PRJEB19462","GCA_901343595.1","Scaffold",2626.06,38.9,,"CABDUW01",48534,41651,"2019-09-06T00:00:00Z","ftp://ftp.ncbi.nlm.nih.gov/genomes/all/GCA/901/343/595/GCA_901343595.1_MONAX5",
"Urocitellus parryii","Eukaryota;Animals;Mammals","AGS 11-09-20","SAMN09469529","PRJNA489874","GCA_003426925.1","Scaffold",2520.51,41,,"QVIC01",15884,36308,"2018-08-24T00:00:00Z","ftp://ftp.ncbi.nlm.nih.gov/genomes/all/GCA/003/426/925/GCA_003426925.1_ASM342692v1","ftp://ftp.ncbi.nlm.nih.gov/genomes/all/GCF/003/426/925/GCF_003426925.1_ASM342692v1"
"Phodopus sungorus","Eukaryota;Animals;Mammals","SBHNorthAmerica","SAMN05191964","PRJNA318271","GCA_001707965.1","Contig",2003.23,41.3,,"MCBN01",1462128,0,"2016-08-18T00:00:00Z","ftp://ftp.ncbi.nlm.nih.gov/genomes/all/GCA/001/707/965/GCA_001707965.1_Psun0.5",
"Ctenomys sociabilis","Eukaryota;Animals;Mammals","BS34","SAMN07678051","PRJNA399368","GCA_004027165.1","Scaffold",2834.81,40.7,,"PVKA01",807571,0,"2019-01-16T00:00:00Z","ftp://ftp.ncbi.nlm.nih.gov/genomes/all/GCA/004/027/165/GCA_004027165.1_CteSoc_v1_BIUU",
"Marmota himalayana","Eukaryota;Animals;Mammals","","SAMN07661221","PRJNA407692","GCA_005280165.1","Scaffold",2471.7,38,,"RAQP01",4363,0,"2019-05-10T00:00:00Z","ftp://ftp.ncbi.nlm.nih.gov/genomes/all/GCA/005/280/165/GCA_005280165.1_ASM528016v1",
"Acomys cahirinus","Eukaryota;Animals;Mammals","US019","SAMN07678032","PRJNA399339","GCA_004027535.1","Scaffold",2306.07,42.7,,"PVKX01",371342,0,"2019-01-16T00:00:00Z","ftp://ftp.ncbi.nlm.nih.gov/genomes/all/GCA/004/027/535/GCA_004027535.1_AcoCah_v1_BIUU",
"Neotoma lepida","Eukaryota;Animals;Mammals","417","SAMN04893622","PRJNA319537","GCA_001675575.1","Scaffold",2353.86,36.2,,"LZPO01",119373,0,"2016-06-23T00:00:00Z","ftp://ftp.ncbi.nlm.nih.gov/genomes/all/GCA/001/675/575/GCA_001675575.1_ASM167557v1",
"Fukomys damarensis","Eukaryota;Animals;Mammals","","SAMN02339281","PRJNA268209","GCA_000743615.1","Scaffold",2333.89,40.5,,"AYUG01",74730,43907,"2014-08-22T00:00:00Z","ftp://ftp.ncbi.nlm.nih.gov/genomes/all/GCA/000/743/615/GCA_000743615.1_DMR_v1.0","ftp://ftp.ncbi.nlm.nih.gov/genomes/all/GCF/000/743/615/GCF_000743615.1_DMR_v1.0"
"Tympanoctomys barrerae","Eukaryota;Animals;Mammals","AO245","SAMN06642005","PRJNA380259","GCA_002564285.1","Scaffold",2651.63,41.2,,"NDGN01",1558800,0,"2017-10-17T00:00:00Z","ftp://ftp.ncbi.nlm.nih.gov/genomes/all/GCA/002/564/285/GCA_002564285.1_Tym_barrerae_AO245_v1",
"Rhizomys pruinosus","Eukaryota;Animals;Mammals","BR201808","SAMN12815341","PRJNA573514","GCA_009823505.1","Scaffold",3711.97,40.1,,"VZQC01",15764,0,"2019-12-31T00:00:00Z","ftp://ftp.ncbi.nlm.nih.gov/genomes/all/GCA/009/823/505/GCA_009823505.1_RhiPru_1.0",
"Pedetes capensis","Eukaryota;Animals;Mammals","US022","SAMN07678104","PRJNA399412","GCA_007922755.1","Scaffold",2850.08,41.2,,"VMDO01",673563,0,"2019-08-08T00:00:00Z","ftp://ftp.ncbi.nlm.nih.gov/genomes/all/GCA/007/922/755/GCA_007922755.1_PedCap_v1_BIUU",
"Meriones unguiculatus","Eukaryota;Animals;Mammals","243","SAMN06897401","PRJNA391923","GCA_002204375.1","Scaffold",2523.12,42.5,"mitochondrion MT:NC_023263.1/","NHTI01",68793,38763,"2017-06-21T00:00:00Z","ftp://ftp.ncbi.nlm.nih.gov/genomes/all/GCA/002/204/375/GCA_002204375.1_MunDraft-v1.0","ftp://ftp.ncbi.nlm.nih.gov/genomes/all/GCF/002/204/375/GCF_002204375.1_MunDraft-v1.0"
"Cavia aperea","Eukaryota;Animals;Mammals","","SAMN02252454","PRJNA212237","GCA_000688575.1","Scaffold",2716.4,42.2,,"AVPZ01",3131,0,"2014-01-21T00:00:00Z","ftp://ftp.ncbi.nlm.nih.gov/genomes/all/GCA/000/688/575/GCA_000688575.1_CavAp1.0",
"Marmota marmota marmota","Eukaryota;Animals;Mammals","","SAMEA3214822","PRJEB8272","GCA_001458135.1","Scaffold",2510.59,40.2,,"CZRN01",14543,31750,"2015-11-06T00:00:00Z","ftp://ftp.ncbi.nlm.nih.gov/genomes/all/GCA/001/458/135/GCA_001458135.1_marMar2.1","ftp://ftp.ncbi.nlm.nih.gov/genomes/all/GCF/001/458/135/GCF_001458135.1_marMar2.1"
"Spermophilus dauricus","Eukaryota;Animals;Mammals","","SAMN07711139","PRJNA215874","GCA_002406435.1","Scaffold",3106.27,40.2,,"AXRT01",360804,0,"2017-09-28T00:00:00Z","ftp://ftp.ncbi.nlm.nih.gov/genomes/all/GCA/002/406/435/GCA_002406435.1_ASM240643v1",
"Microtus agrestis","Eukaryota;Animals;Mammals","","SAMEA6564477","PRJEB36805","GCA_902806775.1","Contig",2258.81,42.1,,"CADCXT01",6993,0,"2020-02-27T00:00:00Z","ftp://ftp.ncbi.nlm.nih.gov/genomes/all/GCA/902/806/775/GCA_902806775.1_Field_vole_promethion_pilon",
"Apodemus sylvaticus","Eukaryota;Animals;Mammals","WM_1_Wirral","SAMN03863808","PRJNA290427","GCA_001305905.1","Scaffold",3758.14,22.6,,"LIPJ01",559629,0,"2015-10-02T00:00:00Z","ftp://ftp.ncbi.nlm.nih.gov/genomes/all/GCA/001/305/905/GCA_001305905.1_ASM130590v1",
"Ellobius lutescens","Eukaryota;Animals;Mammals","ElloLutescens_01","SAMN04317027","PRJNA305123","GCA_001685075.1","Scaffold",2353.19,39.9,,"LOEQ01",58423,0,"2016-07-14T00:00:00Z","ftp://ftp.ncbi.nlm.nih.gov/genomes/all/GCA/001/685/075/GCA_001685075.1_ASM168507v1",
"Ellobius talpinus","Eukaryota;Animals;Mammals","ElloTalpinus_01","SAMN04317029","PRJNA305123","GCA_001685095.1","Scaffold",2265.97,41.3,,"LOJH01",350460,0,"2016-07-14T00:00:00Z","ftp://ftp.ncbi.nlm.nih.gov/genomes/all/GCA/001/685/095/GCA_001685095.1_ETalpinus_0.1",
"Psammomys obesus","Eukaryota;Animals;Mammals","Psa_ob012049795","SAMN06061930","PRJNA355058","GCA_002215935.2","Scaffold",2365.77,41,,"NESX02",35640,0,"2017-07-07T00:00:00Z","ftp://ftp.ncbi.nlm.nih.gov/genomes/all/GCA/002/215/935/GCA_002215935.2_ASM221593v2",
"Peromyscus melanophrys","Eukaryota;Animals;Mammals","","SAMEA5777993","PRJEB33530","GCA_902168415.1","Scaffold",2403.71,41.8,,"CABHPR01",178386,0,"2019-07-30T00:00:00Z","ftp://ftp.ncbi.nlm.nih.gov/genomes/all/GCA/902/168/415/GCA_902168415.1_Pmel_10x_v1",
"Peromyscus aztecus","Eukaryota;Animals;Mammals","","SAMEA5777989","PRJEB33530","GCA_902168405.1","Scaffold",2488.4,41.9,,"CABHPQ01",202228,0,"2019-07-30T00:00:00Z","ftp://ftp.ncbi.nlm.nih.gov/genomes/all/GCA/902/168/405/GCA_902168405.1_Pazt_10x_v1",
"Sigmodon hispidus","Eukaryota;Animals;Mammals","US029","SAMN07678138","PRJNA399433","GCA_004025045.1","Scaffold",2730.6,39.8,,"PVIH01",883546,0,"2019-01-15T00:00:00Z","ftp://ftp.ncbi.nlm.nih.gov/genomes/all/GCA/004/025/045/GCA_004025045.1_SigHis_v1_BIUU",
"Peromyscus attwateri","Eukaryota;Animals;Mammals","","SAMEA5777987","PRJEB33530","GCA_902168425.1","Scaffold",2494.79,41.9,,"CABHPP01",171913,0,"2019-07-30T00:00:00Z","ftp://ftp.ncbi.nlm.nih.gov/genomes/all/GCA/902/168/425/GCA_902168425.1_Patt_10x_v1",
"Myocastor coypus","Eukaryota;Animals;Mammals","US051","SAMN07678020","PRJNA399346","GCA_004027025.1","Scaffold",2903.18,41.7,,"PVJA01",1669667,0,"2019-01-16T00:00:00Z","ftp://ftp.ncbi.nlm.nih.gov/genomes/all/GCA/004/027/025/GCA_004027025.1_MyoCoy_v1_BIUU",
"Apodemus speciosus","Eukaryota;Animals;Mammals","IB14-021","SAMD00084465","PRJDB5914","GCA_002335545.1","Scaffold",3494.29,24.2,,"BDUI01",336124,0,"2017-08-01T00:00:00Z","ftp://ftp.ncbi.nlm.nih.gov/genomes/all/GCA/002/335/545/GCA_002335545.1_Aspe_assembly01",
"Mastomys coucha","Eukaryota;Animals;Mammals","ucsf_1","SAMN07635206","PRJNA578167","GCA_008632895.1"," Chromosome",2507.18,42.0731,"chromosome X:NC_045030.1/CM018029.1; chromosome Y:NC_045031.1/CM018030.1; mitochondrion MT:NC_036018.1/","VSBT01",28,54407,"2019-09-23T00:00:00Z","ftp://ftp.ncbi.nlm.nih.gov/genomes/all/GCA/008/632/895/GCA_008632895.1_UCSF_Mcou_1","ftp://ftp.ncbi.nlm.nih.gov/genomes/all/GCF/008/632/895/GCF_008632895.1_UCSF_Mcou_1"
"Octomys mimax","Eukaryota;Animals;Mammals","AO248","SAMN06642006","PRJNA380259","GCA_002564305.1","Scaffold",2591.29,41.2,,"NDGM01",1257804,0,"2017-10-17T00:00:00Z","ftp://ftp.ncbi.nlm.nih.gov/genomes/all/GCA/002/564/305/GCA_002564305.1_Oct_mimax_AO248_v1",
"Ondatra zibethicus","Eukaryota;Animals;Mammals","US110","SAMN07678059","PRJNA399451","GCA_004026605.1","Scaffold",2562.75,41.6,,"PVIU01",565356,0,"2019-01-16T00:00:00Z","ftp://ftp.ncbi.nlm.nih.gov/genomes/all/GCA/004/026/605/GCA_004026605.1_OndZib_v1_BIUU",
"Mus spicilegus","Eukaryota;Animals;Mammals","ZRU","SAMN08141584","PRJNA421365","GCA_003336285.1","Scaffold",2496.08,0,,"QGOO01",37536,0,"2018-07-23T00:00:00Z","ftp://ftp.ncbi.nlm.nih.gov/genomes/all/GCA/003/336/285/GCA_003336285.1_MUSP714",
"Marmota flaviventris","Eukaryota;Animals;Mammals","SJ_83","SAMN10078668","PRJNA541600","GCA_003676075.1","Scaffold",2582.14,40.1,,"QZWP01",32915,36495,"2018-10-22T00:00:00Z","ftp://ftp.ncbi.nlm.nih.gov/genomes/all/GCA/003/676/075/GCA_003676075.1_ASM367607v1","ftp://ftp.ncbi.nlm.nih.gov/genomes/all/GCF/003/676/075/GCF_003676075.1_ASM367607v1"
"Onychomys torridus","Eukaryota;Animals;Mammals","US017","SAMN07678022","PRJNA399348","GCA_004026725.1","Scaffold",3202.22,41.6,,"PVIT01",2261735,0,"2019-01-16T00:00:00Z","ftp://ftp.ncbi.nlm.nih.gov/genomes/all/GCA/004/026/725/GCA_004026725.1_OnyTor_v1_BIUU",
"Hystrix cristata","Eukaryota;Animals;Mammals","US031","SAMN07678090","PRJNA399401","GCA_004026905.1","Scaffold",2470.92,41.5,,"PVJO01",1136598,0,"2019-01-16T00:00:00Z","ftp://ftp.ncbi.nlm.nih.gov/genomes/all/GCA/004/026/905/GCA_004026905.1_HysCri_v1_BIUU",
"Petromus typicus","Eukaryota;Animals;Mammals","US052","SAMN07678021","PRJNA399347","GCA_004026965.1","Scaffold",2389.37,41.8,,"PVIR01",910679,0,"2019-01-16T00:00:00Z","ftp://ftp.ncbi.nlm.nih.gov/genomes/all/GCA/004/026/965/GCA_004026965.1_PetTyp_v1_BIUU",
"Muscardinus avellanarius","Eukaryota;Animals;Mammals","US077","SAMN07678014","PRJNA399340","GCA_004027005.1","Scaffold",2527.15,41.6,,"PVJB01",466805,0,"2019-01-16T00:00:00Z","ftp://ftp.ncbi.nlm.nih.gov/genomes/all/GCA/004/027/005/GCA_004027005.1_MusAve_v1_BIUU",
"Ctenodactylus gundi","Eukaryota;Animals;Mammals","US049","SAMN07678018","PRJNA399344","GCA_004027205.1","Scaffold",2322.47,42.7,,"PVKB01",860073,0,"2019-01-16T00:00:00Z","ftp://ftp.ncbi.nlm.nih.gov/genomes/all/GCA/004/027/205/GCA_004027205.1_CteGun_v1_BIUU",
"Dolichotis patagonum","Eukaryota;Animals;Mammals","US062","SAMN07678081","PRJNA399391","GCA_004027295.1","Scaffold",3289.61,39.8,,"PVJX01",1905764,0,"2019-01-16T00:00:00Z","ftp://ftp.ncbi.nlm.nih.gov/genomes/all/GCA/004/027/295/GCA_004027295.1_DolPat_v1_BIUU",
"Hydrochoerus hydrochaeris","Eukaryota;Animals;Mammals","US065","SAMN07678143","PRJNA399400","GCA_004027455.1","Scaffold",2734.59,39.8,,"PVLA01",655342,0,"2019-01-16T00:00:00Z","ftp://ftp.ncbi.nlm.nih.gov/genomes/all/GCA/004/027/455/GCA_004027455.1_HydHyd_v1_BIUU",
"Cricetomys gambianus","Eukaryota;Animals;Mammals","US082","SAMN07678025","PRJNA399436","GCA_004027575.1","Scaffold",2397.72,42.1,,"PVKD01",1102952,0,"2019-01-16T00:00:00Z","ftp://ftp.ncbi.nlm.nih.gov/genomes/all/GCA/004/027/575/GCA_004027575.1_CriGam_v1_BIUU",
"Dinomys branickii","Eukaryota;Animals;Mammals","US070","SAMN07678079","PRJNA399389","GCA_004027595.1","Scaffold",2688.56,41.8,,"PVLD01",1158438,0,"2019-01-16T00:00:00Z","ftp://ftp.ncbi.nlm.nih.gov/genomes/all/GCA/004/027/595/GCA_004027595.1_DinBra_v1_BIUU",
"Graphiurus murinus","Eukaryota;Animals;Mammals","US067","SAMN07678085","PRJNA399395","GCA_004027655.1","Scaffold",2815.01,41.5,,"PVLC01",1267939,0,"2019-01-16T00:00:00Z","ftp://ftp.ncbi.nlm.nih.gov/genomes/all/GCA/004/027/655/GCA_004027655.1_GraMur_v1_BIUU",
"Cavia tschudii","Eukaryota;Animals;Mammals","US050","SAMN07678017","PRJNA399343","GCA_004027695.1","Scaffold",3077.35,40.1,,"PVKK01",1368179,0,"2019-01-16T00:00:00Z","ftp://ftp.ncbi.nlm.nih.gov/genomes/all/GCA/004/027/695/GCA_004027695.1_CavTsc_v1_BIUU",
"Aplodontia rufa","Eukaryota;Animals;Mammals","BS102","SAMN07678037","PRJNA399342","GCA_004027875.1","Scaffold",3005.54,40.6,,"PVKS01",1279526,0,"2019-01-16T00:00:00Z","ftp://ftp.ncbi.nlm.nih.gov/genomes/all/GCA/004/027/875/GCA_004027875.1_AplRuf_v1_BIUU",
"Allactaga bullata","Eukaryota;Animals;Mammals","US110","SAMN07678035","PRJNA399447","GCA_004027895.1","Scaffold",3093.58,41.9,,"PVKW01",1284382,0,"2019-01-16T00:00:00Z","ftp://ftp.ncbi.nlm.nih.gov/genomes/all/GCA/004/027/895/GCA_004027895.1_AllBul_v1_BIUU",
"Capromys pilorides","Eukaryota;Animals;Mammals","US015","SAMN07678066","PRJNA399377","GCA_004027915.1","Scaffold",3023.85,42,,"PVKN01",2352358,0,"2019-01-16T00:00:00Z","ftp://ftp.ncbi.nlm.nih.gov/genomes/all/GCA/004/027/915/GCA_004027915.1_CapPil_v1_BIUU",
"Dipodomys stephensi","Eukaryota;Animals;Mammals","BS19","SAMN07678080","PRJNA399390","GCA_004024685.1","Scaffold",2346.42,41.9,,"PVHN01",1269643,0,"2019-01-15T00:00:00Z","ftp://ftp.ncbi.nlm.nih.gov/genomes/all/GCA/004/024/685/GCA_004024685.1_DipSte_v1_BIUU",
"Xerus inauris","Eukaryota;Animals;Mammals","US057","SAMN07678119","PRJNA399425","GCA_004024805.1","Scaffold",2601.42,40,,"PVHX01",577370,0,"2019-01-15T00:00:00Z","ftp://ftp.ncbi.nlm.nih.gov/genomes/all/GCA/004/024/805/GCA_004024805.1_XerIna_v1_BIUU",
"Zapus hudsonius","Eukaryota;Animals;Mammals","BS14","SAMN07678139","PRJNA399434","GCA_004024765.1","Scaffold",2611.19,42.3,,"PVHP01",1158100,0,"2019-01-15T00:00:00Z","ftp://ftp.ncbi.nlm.nih.gov/genomes/all/GCA/004/024/765/GCA_004024765.1_ZapHud_v1_BIUU",
"Dasyprocta punctata","Eukaryota;Animals;Mammals","BS37","SAMN07678076","PRJNA399386","GCA_004363535.1","Scaffold",3012.1,40.8,,"RJWM01",986664,0,"2019-03-22T00:00:00Z","ftp://ftp.ncbi.nlm.nih.gov/genomes/all/GCA/004/363/535/GCA_004363535.1_DasPun_v1_BIUU",
"Perognathus longimembris pacificus","Eukaryota;Animals;Mammals","BS65","SAMN07678105","PRJNA399459","GCA_004363475.1","Scaffold",2601.7,41.8,,"RJWR01",2409818,0,"2019-03-22T00:00:00Z","ftp://ftp.ncbi.nlm.nih.gov/genomes/all/GCA/004/363/475/GCA_004363475.1_PerLonPac_v1_BIUU",
"Cuniculus paca","Eukaryota;Animals;Mammals","BS43","SAMN07678075","PRJNA399385","GCA_004365215.1","Scaffold",3399.58,40.8,,"RJWT01",3768450,0,"2019-03-22T00:00:00Z","ftp://ftp.ncbi.nlm.nih.gov/genomes/all/GCA/004/365/215/GCA_004365215.1_CunPac_v1_BIUU",
"Grammomys surdaster","Eukaryota;Animals;Mammals","TR1022","SAMN11172698","PRJNA533235","GCA_004785775.1","Scaffold",2412.66,41.3,,"SRMG01",23656,38183,"2019-04-12T00:00:00Z","ftp://ftp.ncbi.nlm.nih.gov/genomes/all/GCA/004/785/775/GCA_004785775.1_NIH_TR_1.0","ftp://ftp.ncbi.nlm.nih.gov/genomes/all/GCF/004/785/775/GCF_004785775.1_NIH_TR_1.0"
"Microtus arvalis","Eukaryota;Animals;Mammals","LVR205A","SAMN12142102","PRJNA551185","GCA_007455615.1","Scaffold",2620.58,41.7,,"VIIT01",1081432,0,"2019-07-25T00:00:00Z","ftp://ftp.ncbi.nlm.nih.gov/genomes/all/GCA/007/455/615/GCA_007455615.1_ASM745561v1",
"Erethizon dorsatum","Eukaryota;Animals;Mammals","214976","SAMN10984256","PRJNA523436","GCA_006547115.1","Scaffold",2436.55,41.1,,"SWEC01",15915,0,"2019-07-01T00:00:00Z","ftp://ftp.ncbi.nlm.nih.gov/genomes/all/GCA/006/547/115/GCA_006547115.1_GSC_porc_1.0",
"Microtus oeconomus","Eukaryota;Animals;Mammals","LVR207A","SAMN12142104","PRJNA551187","GCA_007455595.1","Scaffold",2306.55,42.1,,"VIIU01",562436,0,"2019-07-25T00:00:00Z","ftp://ftp.ncbi.nlm.nih.gov/genomes/all/GCA/007/455/595/GCA_007455595.1_ASM745559v1",
"Peromyscus nudipes","Eukaryota;Animals;Mammals","","SAMEA5777200","PRJEB33530","GCA_902168325.1","Scaffold",2440.38,41.8,,"CABHPH01",179791,0,"2019-07-30T00:00:00Z","ftp://ftp.ncbi.nlm.nih.gov/genomes/all/GCA/902/168/325/GCA_902168325.1_Pnud_10x_v1",
"Marmota vancouverensis","Eukaryota;Animals;Mammals","RANI-1049","SAMN09425912","PRJNA476112","GCA_005458795.1","Scaffold",2504.04,40.3,,"SAYX01",23916,0,"2019-05-16T00:00:00Z","ftp://ftp.ncbi.nlm.nih.gov/genomes/all/GCA/005/458/795/GCA_005458795.1_GSC_VIM_1.0",
"Peromyscus eremicus","Eukaryota;Animals;Mammals","","SAMEA5799953","PRJEB33593","GCA_902702925.1","Scaffold",2713.54,40.4,,"CACRXM01",6808,0,"2019-11-22T00:00:00Z","ftp://ftp.ncbi.nlm.nih.gov/genomes/all/GCA/902/702/925/GCA_902702925.1_Peer1.7.4",
"Rhombomys opimus","Eukaryota;Animals;Mammals","Great_gerbil_Xinjiang_2013_1","SAMN10089360","PRJNA491814","GCA_010120015.1","Scaffold",2376.01,39.3,,"REGO01",6389,0,"2020-02-04T00:00:00Z","ftp://ftp.ncbi.nlm.nih.gov/genomes/all/GCA/010/120/015/GCA_010120015.1_ASM1012001v1",
"Cynomys gunnisoni","Eukaryota;Animals;Mammals","LCS2019","SAMN12831216","PRJNA573923","GCA_011316645.1","Scaffold",2674.37,40,,"WBRW01",12628,0,"2020-03-16T00:00:00Z","ftp://ftp.ncbi.nlm.nih.gov/genomes/all/GCA/011/316/645/GCA_011316645.1_ASM1131664v1",
"Arvicanthis niloticus","Eukaryota;Animals;Mammals","mArvNil1","SAMN12611849","PRJNA561935","GCA_011762545.1","Scaffold",2517.71,40.5,,"JAAOMF01",1740,0,"2020-03-25T00:00:00Z","ftp://ftp.ncbi.nlm.nih.gov/genomes/all/GCA/011/762/545/GCA_011762545.1_mArvNil1.pat",
"Sciurus carolinensis","Eukaryota;Animals;Mammals","","SAMEA994726","PRJEB35385","GCA_902685475.1","Scaffold",2057.95,40.2,,"CACRXG01",9508,0,"2019-11-22T00:00:00Z","ftp://ftp.ncbi.nlm.nih.gov/genomes/all/GCA/902/685/475/GCA_902685475.1_mSciCar1.1_alternate_haplotype",
"Ellobius lutescens","Eukaryota;Animals;Mammals","ElloLutescens_female_01","SAMN04317028","PRJNA305123","GCA_001685115.1","Scaffold",2191.77,41,,"LOJG01",413500,0,"2016-07-14T00:00:00Z","ftp://ftp.ncbi.nlm.nih.gov/genomes/all/GCA/001/685/115/GCA_001685115.1_ASM168511v1",
"Microtus agrestis","Eukaryota;Animals;Mammals","FV_M396_Kielder","SAMN03863806","PRJNA290426","GCA_001305995.1","Scaffold",3124.14,26.4,,"LIQJ01",230202,0,"2015-10-02T00:00:00Z","ftp://ftp.ncbi.nlm.nih.gov/genomes/all/GCA/001/305/995/GCA_001305995.1_ASM130599v1",
"Meriones unguiculatus","Eukaryota;Animals;Mammals","US013","SAMN07678137","PRJNA399432","GCA_004026785.1","Scaffold",2637.04,41.9,,"PVJK01",785187,0,"2019-01-16T00:00:00Z","ftp://ftp.ncbi.nlm.nih.gov/genomes/all/GCA/004/026/785/GCA_004026785.1_MerUng_v1_BIUU",
"Rhizomys pruinosus","Eukaryota;Animals;Mammals","US103","SAMN07678150","PRJNA399452","GCA_004026225.1","Scaffold",3937.27,41.7,,"PVIM01",4150536,0,"2019-01-16T00:00:00Z","ftp://ftp.ncbi.nlm.nih.gov/genomes/all/GCA/004/026/225/GCA_004026225.1_RhiPru_v1_BIUU",
"Fukomys damarensis","Eukaryota;Animals;Mammals","Sample0158","SAMN10973724","PRJNA604608","GCA_012274545.1","Scaffold",2334.36,39.5,,"JAAHWF01",73969,0,"2020-04-13T00:00:00Z","ftp://ftp.ncbi.nlm.nih.gov/genomes/all/GCA/012/274/545/GCA_012274545.1_DMR_v1.0_HiC","ftp://ftp.ncbi.nlm.nih.gov/genomes/all/GCF/012/274/545/GCF_012274545.1_DMR_v1.0_HiC"
"Myodes glareolus","Eukaryota;Animals;Mammals","2016_BV1","SAMN05860961","PRJNA335935","GCA_004368595.1","Scaffold",2396.23,39.8,"mitochondrion MT:CM015301.1","MULK01",50926,0,"2019-03-25T00:00:00Z","ftp://ftp.ncbi.nlm.nih.gov/genomes/all/GCA/004/368/595/GCA_004368595.1_ASM436859v1",
"Castor canadensis","Eukaryota;Animals;Mammals","PB-2018","SAMN10409246","PRJNA505050","GCA_009822645.1","Scaffold",3133.83,39.1,,"RPDE01",243841,0,"2019-12-31T00:00:00Z","ftp://ftp.ncbi.nlm.nih.gov/genomes/all/GCA/009/822/645/GCA_009822645.1_ASM982264v1",
"Sciurus vulgaris","Eukaryota;Animals;Mammals","","SAMEA994733","PRJEB35379","GCA_902685485.1","Scaffold",1366.02,40.1,,"CACRXH01",10655,0,"2019-11-22T00:00:00Z","ftp://ftp.ncbi.nlm.nih.gov/genomes/all/GCA/902/685/485/GCA_902685485.1_mSciVul1.1_alternate_haplotype",
"Heterocephalus glaber","Eukaryota;Animals;Mammals","","SAMN00217190","PRJNA68323","GCA_000230445.1","Scaffold",2643.96,40.7,"mitochondrion MT:JN242813.1","AFSB01",39266,13,"2011-10-12T00:00:00Z","ftp://ftp.ncbi.nlm.nih.gov/genomes/all/GCA/000/230/445/GCA_000230445.1_HetGla_1.0","ftp://ftp.ncbi.nlm.nih.gov/genomes/all/GCF/000/230/445/GCF_000230445.1_HetGla_1.0"
"Cricetulus griseus","Eukaryota;Animals;Mammals","17A/GY","SAMN07140313","PRJNA498699","GCA_003668045.1","Scaffold",2368.91,41.5,"mitochondrion MT:CM010855.1","RAZU01",1830,46750,"2018-10-21T00:00:00Z","ftp://ftp.ncbi.nlm.nih.gov/genomes/all/GCA/003/668/045/GCA_003668045.1_CriGri-PICR","ftp://ftp.ncbi.nlm.nih.gov/genomes/all/GCF/003/668/045/GCF_003668045.1_CriGri-PICR"
"Ictidomys tridecemlineatus","Eukaryota;Animals;Mammals","GS200","SAMN08111062","PRJNA420392","GCA_004006685.1","Scaffold",2478.64,37.2,,"PTPW01",10007,0,"2019-01-09T00:00:00Z","ftp://ftp.ncbi.nlm.nih.gov/genomes/all/GCA/004/006/685/GCA_004006685.1_ASM400668v1",
"Rattus norvegicus","Eukaryota;Animals;Mammals","SHRSP/Bbb","SAMN02981232","PRJNA18689","GCA_000180715.1","Scaffold",21.5875,43.4,,"AAXM01",23012,0,"2007-04-10T00:00:00Z","ftp://ftp.ncbi.nlm.nih.gov/genomes/all/GCA/000/180/715/GCA_000180715.1_ASM18071v1",
"Ictidomys tridecemlineatus","Eukaryota;Animals;Mammals","","SAMN03000702","PRJNA13937","GCA_000181315.1","Contig",1913.37,39.7,,"AAQQ01",797481,0,"2006-06-06T00:00:00Z","ftp://ftp.ncbi.nlm.nih.gov/genomes/all/GCA/000/181/315/GCA_000181315.1_ASM18131v1",
"Cricetulus griseus","Eukaryota;Animals;Mammals","17A/GY","SAMN02981520","PRJNA189319","GCA_000448345.1","Scaffold",2332.77,42,,"APMK01",28749,29144,"2013-08-08T00:00:00Z","ftp://ftp.ncbi.nlm.nih.gov/genomes/all/GCA/000/448/345/GCA_000448345.1_Cgr1.0",
"Castor canadensis","Eukaryota;Animals;Mammals","US014","SAMN07678136","PRJNA399431","GCA_004027675.1","Scaffold",2761.48,39.6,,"PVKL01",832147,0,"2019-01-16T00:00:00Z","ftp://ftp.ncbi.nlm.nih.gov/genomes/all/GCA/004/027/675/GCA_004027675.1_CasCan_v1_BIUU",
"Myodes glareolus","Eukaryota;Animals;Mammals","","SAMEA5971950","PRJEB34572","GCA_902806745.1","Scaffold",2280.52,42,,"CADCXQ01",923,0,"2020-02-20T00:00:00Z","ftp://ftp.ncbi.nlm.nih.gov/genomes/all/GCA/902/806/745/GCA_902806745.1_Bank_vole2_10x",
"Meriones unguiculatus","Eukaryota;Animals;Mammals","EAM2014","SAMN11651137","PRJNA543000","GCA_008131255.1","Scaffold",2537.53,41.6,,"VFHZ01",309090,0,"2019-08-30T00:00:00Z","ftp://ftp.ncbi.nlm.nih.gov/genomes/all/GCA/008/131/255/GCA_008131255.1_ASM813125v1",
"Arvicanthis niloticus","Eukaryota;Animals;Mammals","mArvNil1","SAMN12611849","PRJNA561936","GCA_011750645.1","Scaffold",2486.14,40.9,,"JAAOME01",1610,0,"2020-03-25T00:00:00Z","ftp://ftp.ncbi.nlm.nih.gov/genomes/all/GCA/011/750/645/GCA_011750645.1_mArvNil1.mat",
"Myodes glareolus","Eukaryota;Animals;Mammals","BV_1_Jyvaskyla","SAMN03863713","PRJNA290429","GCA_001305785.1","Scaffold",3443.07,25.8,,"LIPI01",367242,0,"2015-10-02T00:00:00Z","ftp://ftp.ncbi.nlm.nih.gov/genomes/all/GCA/001/305/785/GCA_001305785.1_ASM130578v1",
"Castor canadensis","Eukaryota;Animals;Mammals","","SAMEA101510668","PRJEB19765","GCA_900168385.1","Scaffold",4167.12,23.5,,"FVZM01",629174,0,"2017-04-29T00:00:00Z","ftp://ftp.ncbi.nlm.nih.gov/genomes/all/GCA/900/168/385/GCA_900168385.1_bgp_v1",
"Cricetulus griseus","Eukaryota;Animals;Mammals","","SAMEA104116709","PRJEB21211","GCA_900186095.1","Scaffold",2358.15,41.5,,"FYBK01",8264,0,"2017-06-15T00:00:00Z","ftp://ftp.ncbi.nlm.nih.gov/genomes/all/GCA/900/186/095/GCA_900186095.1_CHOK1S_HZDv1",
"Rattus norvegicus","Eukaryota;Animals;Mammals","WKY/Bbb","SAMN02981231","PRJNA18687","GCA_000180795.1","Scaffold",27.2481,44,,"AAXL01",31928,0,"2007-04-10T00:00:00Z","ftp://ftp.ncbi.nlm.nih.gov/genomes/all/GCA/000/180/795/GCA_000180795.1_ASM18079v1",
"Rattus norvegicus","Eukaryota;Animals;Mammals","wild rat 1","SAMN02981234","PRJNA18695","GCA_000180775.1","Contig",22.3969,42.5,,"AAXO01",27472,0,"2007-04-10T00:00:00Z","ftp://ftp.ncbi.nlm.nih.gov/genomes/all/GCA/000/180/775/GCA_000180775.1_ASM18077v1",
"Cricetulus griseus","Eukaryota;Animals;Mammals","","SAMN02981459","PRJNA167053","GCA_000419365.1","Scaffold",2360.13,41.5,,"AMDS01",52710,0,"2013-07-08T00:00:00Z","ftp://ftp.ncbi.nlm.nih.gov/genomes/all/GCA/000/419/365/GCA_000419365.1_C_griseus_v1.0","ftp://ftp.ncbi.nlm.nih.gov/genomes/all/GCF/000/419/365/GCF_000419365.1_C_griseus_v1.0"
"Rattus norvegicus","Eukaryota;Animals;Mammals","GK/Ox","SAMN02981235","PRJNA18693","GCA_000181035.1","Contig",50.2245,41.3,,"AAXP01",73497,0,"2007-04-10T00:00:00Z","ftp://ftp.ncbi.nlm.nih.gov/genomes/all/GCA/000/181/035/GCA_000181035.1_ASM18103v1",
"Rattus norvegicus","Eukaryota;Animals;Mammals","SS/JrNhsd","SAMN02981233","PRJNA18691","GCA_000181015.1","Scaffold",48.7205,42.1,,"AAXN01",72867,0,"2007-04-10T00:00:00Z","ftp://ftp.ncbi.nlm.nih.gov/genomes/all/GCA/000/181/015/GCA_000181015.1_ASM18101v1",
"Rattus norvegicus","Eukaryota;Animals;Mammals","","SAMEA3696997","PRJEB12009","GCA_900014975.1","Scaffold",328.422,25.9,,"FBXV01",365167,0,"2016-01-14T00:00:00Z","ftp://ftp.ncbi.nlm.nih.gov/genomes/all/GCA/900/014/975/GCA_900014975.1_rnor5.0_scrapheap",
"Mus musculus","Eukaryota;Animals;Mammals","C57BL/6J","SAMN04871431","PRJNA318985","GCA_003774525.2","Scaffold",2801.3,0,,"LXEJ02",12661,0,"2017-09-11T00:00:00Z","ftp://ftp.ncbi.nlm.nih.gov/genomes/all/GCA/003/774/525/GCA_003774525.2_ASM377452v2",
"Mus musculus","Eukaryota;Animals;Mammals","","SAMEA3138312","PRJNA13183","GCA_000181195.1","Contig",2477.64,41.7,,"CAAA01",224713,0,"2002-05-15T00:00:00Z","ftp://ftp.ncbi.nlm.nih.gov/genomes/all/GCA/000/181/195/GCA_000181195.1_ASM18119v1",
"Mus musculus","Eukaryota;Animals;Mammals","C57BL/6J","SAMN02981292","PRJNA59879","GCA_000185105.2","Scaffold",2505.02,42.3,,"AEKQ02",2314,0,"2011-01-03T00:00:00Z","ftp://ftp.ncbi.nlm.nih.gov/genomes/all/GCA/000/185/105/GCA_000185105.2_MmusALLPATHS2",
"Mus musculus","Eukaryota;Animals;Mammals","C57BL/6J","SAMN02981292","PRJNA59879","GCA_000185125.1","Scaffold",2561.49,42.4,,"AEKR01",41268,0,"2011-01-04T00:00:00Z","ftp://ftp.ncbi.nlm.nih.gov/genomes/all/GCA/000/185/125/GCA_000185125.1_MmusSOAP1",
"Mus musculus","Eukaryota;Animals;Mammals","129Sv/Jae","SAMN00190744","PRJNA60381","GCA_000350445.1","Scaffold",2578.29,42.5,,"AHBB01",9129,0,"2013-04-02T00:00:00Z","ftp://ftp.ncbi.nlm.nih.gov/genomes/all/GCA/000/350/445/GCA_000350445.1_mm129svJae1.0",
"Mus musculus","Eukaryota;Animals;Mammals","MSM/Ms","SAMD00039117","PRJDB1093","GCA_000389885.1","Scaffold",1195.48,41.3,,"BAAG01",1237600,0,"2013-04-19T00:00:00Z","ftp://ftp.ncbi.nlm.nih.gov/genomes/all/GCA/000/389/885/GCA_000389885.1_MSM_WGSv1",
"Sciurus vulgaris","Eukaryota;Animals;Mammals","","SAMEA994733","PRJEB35380","GCA_902686455.1"," Chromosome",2878.59,38.4369,"chromosome 1:LR738611.1; chromosome 2:LR738612.1; chromosome 3:LR738613.1; chromosome 4:LR738614.1; chromosome 5:LR738615.1; chromosome 6:LR738616.1; chromosome 7:LR738617.1; chromosome 8:LR738618.1; chromosome 9:LR738619.1; chromosome 10:LR738620.1; chromosome 11:LR738622.1; chromosome 12:LR738623.1; chromosome 13:LR738624.1; chromosome 14:LR738625.1; chromosome 15:LR738626.1; chromosome 16:LR738627.1; chromosome 17:LR738628.1; chromosome 18:LR738629.1; chromosome 19:LR738630.1; chromosome X:LR738621.1; chromosome Y:LR738631.1","CACRXJ01",638,0,"2019-11-20T00:00:00Z","ftp://ftp.ncbi.nlm.nih.gov/genomes/all/GCA/902/686/455/GCA_902686455.1_mSciVul1.1",
"Sciurus carolinensis","Eukaryota;Animals;Mammals","","SAMEA994726","PRJEB35386","GCA_902686445.1"," Chromosome",2815.4,40.0556,"chromosome 1:LR738590.1; chromosome 2:LR738591.1; chromosome 3:LR738592.1; chromosome 4:LR738593.1; chromosome 5:LR738594.1; chromosome 6:LR738595.1; chromosome 7:LR738596.1; chromosome 8:LR738597.1; chromosome 9:LR738598.1; chromosome 10:LR738599.1; chromosome 11:LR738600.1; chromosome 12:LR738602.1; chromosome 13:LR738603.1; chromosome 14:LR738604.1; chromosome 15:LR738605.1; chromosome 16:LR738606.1; chromosome 17:LR738607.1; chromosome 18:LR738608.1; chromosome 19:LR738609.1; chromosome X:LR738601.1; chromosome Y:LR738610.1","CACRXI01",752,0,"2019-11-20T00:00:00Z","ftp://ftp.ncbi.nlm.nih.gov/genomes/all/GCA/902/686/445/GCA_902686445.1_mSciCar1.1",
"Peromyscus polionotus subgriseus","Eukaryota;Animals;Mammals","PO","SAMN10150432","PRJNA494229","GCA_003704135.2"," Chromosome",2645.11,42.9297,"chromosome 1:CM010903.1; chromosome 2:CM010904.1; chromosome 3:CM010905.1; chromosome 4:CM010906.2; chromosome 5:CM010907.1; chromosome 6:CM010908.1; chromosome 7:CM010909.1; chromosome 8:CM010910.1; chromosome 9:CM010911.1; chromosome 10:CM010912.1; chromosome 11:CM010913.1; chromosome 12:CM010914.1; chromosome 13:CM010915.1; chromosome 14:CM010916.1; chromosome 15:CM010917.1; chromosome 16:CM010918.1; chromosome 17:CM010919.1; chromosome 18:CM010920.1; chromosome 19:CM010921.1; chromosome 20:CM010922.1; chromosome 21:CM010923.1; chromosome 22:CM010924.1; chromosome 23:CM010925.1; chromosome X:CM010926.1","RCWS02",5292,0,"2018-10-30T00:00:00Z","ftp://ftp.ncbi.nlm.nih.gov/genomes/all/GCA/003/704/135/GCA_003704135.2_HU_Ppol_1.3.3",
"Mus spretus","Eukaryota;Animals;Mammals","SPRET/EiJ","SAMN04489830","PRJNA310854","GCA_001624865.1"," Chromosome",2625.59,42.3292,"chromosome 1:CM004094.1; chromosome 2:CM004095.1; chromosome 3:CM004096.1; chromosome 4:CM004097.1; chromosome 5:CM004098.1; chromosome 6:CM004099.1; chromosome 7:CM004100.1; chromosome 8:CM004101.1; chromosome 9:CM004102.1; chromosome 10:CM004103.1; chromosome 11:CM004105.1; chromosome 12:CM004106.1; chromosome 13:CM004107.1; chromosome 14:CM004108.1; chromosome 15:CM004109.1; chromosome 16:CM004110.1; chromosome 17:CM004111.1; chromosome 18:CM004112.1; chromosome 19:CM004113.1; chromosome X:CM004104.1; mitochondrion MT:CM004188.1","LVXV01",5404,0,"2016-04-15T00:00:00Z","ftp://ftp.ncbi.nlm.nih.gov/genomes/all/GCA/001/624/865/GCA_001624865.1_SPRET_EiJ_v1",
"Rattus rattus","Eukaryota;Animals;Mammals","New Zealand","SAMN12855339","PRJNA612505","GCA_011064425.1"," Chromosome",2382.79,42.1324,"chromosome 1:NC_046154.1/CM021548.1; chromosome 2:NC_046155.1/CM021549.1; chromosome 3:NC_046156.1/CM021550.1; chromosome 4:NC_046157.1/CM021551.1; chromosome 5:NC_046158.1/CM021552.1; chromosome 6:NC_046159.1/CM021553.1; chromosome 7:NC_046160.1/CM021554.1; chromosome 8:NC_046161.1/CM021555.1; chromosome 9:NC_046162.1/CM021556.1; chromosome 10:NC_046163.1/CM021557.1; chromosome 11:NC_046164.1/CM021558.1; chromosome 12:NC_046165.1/CM021559.1; chromosome 13:NC_046166.1/CM021560.1; chromosome 14:NC_046167.1/CM021561.1; chromosome 15:NC_046168.1/CM021562.1; chromosome 16:NC_046169.1/CM021563.1; chromosome 17:NC_046170.1/CM021564.1; chromosome 18:NC_046171.1/CM021565.1; chromosome X:NC_046172.1/CM021566.1; chromosome Y:NC_046173.1/CM021567.1; mitochondrion MT:NC_012374.1/","JAAIVD01",2173,35475,"2020-03-04T00:00:00Z","ftp://ftp.ncbi.nlm.nih.gov/genomes/all/GCA/011/064/425/GCA_011064425.1_Rrattus_CSIRO_v1","ftp://ftp.ncbi.nlm.nih.gov/genomes/all/GCF/011/064/425/GCF_011064425.1_Rrattus_CSIRO_v1"
"Mus caroli","Eukaryota;Animals;Mammals","","SAMEA3367631","PRJEB14895","GCA_900094665.2"," Chromosome",2553.13,42.6193,"chromosome X:NC_034589.1/LT608230.1; chromosome 1:NC_034570.1/LT608242.1; chromosome 2:NC_034571.1/LT608244.1; chromosome 3:NC_034572.1/LT608232.1; chromosome 4:NC_034573.1/LT608246.1; chromosome 5:NC_034574.1/LT608240.1; chromosome 6:NC_034575.1/LT608245.1; chromosome 7:NC_034576.1/LT608243.1; chromosome 8:NC_034577.1/LT608237.1; chromosome 9:NC_034578.1/LT608231.1; chromosome 10:NC_034579.1/LT608233.1; chromosome 11:NC_034580.1/LT608241.1; chromosome 12:NC_034581.1/LT608234.1; chromosome 13:NC_034582.1/LT608247.1; chromosome 14:NC_034583.1/LT608238.1; chromosome 15:NC_034584.1/LT608239.1; chromosome 16:NC_034585.1/LT608236.1; chromosome 17:NC_034586.1/LT608229.1; chromosome 18:NC_034587.1/LT608235.1; chromosome 19:NC_034588.1/LT608248.1; mitochondrion MT:NC_025268.1/","FMAL02",3163,47409,"2017-01-10T00:00:00Z","ftp://ftp.ncbi.nlm.nih.gov/genomes/all/GCA/900/094/665/GCA_900094665.2_CAROLI_EIJ_v1.1","ftp://ftp.ncbi.nlm.nih.gov/genomes/all/GCF/900/094/665/GCF_900094665.1_CAROLI_EIJ_v1.1"
"Arvicanthis niloticus","Eukaryota;Animals;Mammals","mArvNil1","SAMN12611849","PRJNA608735","GCA_011762505.1"," Chromosome",2496.78,41.2512,"chromosome 1:CM022251.1; chromosome 2:CM022252.1; chromosome 3:CM022253.1; chromosome 4:CM022254.1; chromosome 5:CM022255.1; chromosome 6:CM022256.1; chromosome 7:CM022257.1; chromosome 8:CM022258.1; chromosome 9:CM022259.1; chromosome 10:CM022260.1; chromosome 11:CM022261.1; chromosome 12:CM022262.1; chromosome 13:CM022263.1; chromosome 14:CM022264.1; chromosome 15:CM022265.1; chromosome 16:CM022266.1; chromosome 17:CM022267.1; chromosome 18:CM022268.1; chromosome 19:CM022269.1; chromosome 20:CM022270.1; chromosome 21:CM022271.1; chromosome X:CM022272.1; mitochondrion MT:CM022273.1","JAAOMG01",1596,0,"2020-03-25T00:00:00Z","ftp://ftp.ncbi.nlm.nih.gov/genomes/all/GCA/011/762/505/GCA_011762505.1_mArvNil1.pat.X",
"Rattus rattus","Eukaryota;Animals;Mammals","CP-5999","SAMN14087596","PRJNA607436","GCA_011800105.1"," Chromosome",2250.26,42.1294,"chromosome 1:CM022304.1; chromosome 2:CM022305.1; chromosome 3:CM022306.1; chromosome 4:CM022307.1; chromosome 5:CM022308.1; chromosome 6:CM022309.1; chromosome 7:CM022310.1; chromosome 8:CM022311.1; chromosome 9:CM022312.1; chromosome 10:CM022313.1; chromosome 11:CM022314.1; chromosome 12:CM022315.1; chromosome 13:CM022316.1; chromosome 14:CM022317.1; chromosome 15:CM022318.1; chromosome 16:CM022319.1; chromosome 17:CM022320.1; chromosome 18:CM022321.1","JAALGF01",6805,0,"2020-03-31T00:00:00Z","ftp://ftp.ncbi.nlm.nih.gov/genomes/all/GCA/011/800/105/GCA_011800105.1_ASM1180010v1",
"Peromyscus maniculatus bairdii","Eukaryota;Animals;Mammals","BW","SAMN10150431","PRJNA494228","GCA_003704035.1"," Chromosome",2512.42,42.5798,"chromosome 1:CM010879.1; chromosome 2:CM010880.1; chromosome 3:CM010881.1; chromosome 4:CM010882.1; chromosome 5:CM010883.1; chromosome 6:CM010884.1; chromosome 7:CM010885.1; chromosome 8:CM010886.1; chromosome 9:CM010887.1; chromosome 10:CM010888.1; chromosome 11:CM010889.1; chromosome 12:CM010890.1; chromosome 13:CM010891.1; chromosome 14:CM010892.1; chromosome 15:CM010893.1; chromosome 16:CM010894.1; chromosome 17:CM010895.1; chromosome 18:CM010896.1; chromosome 19:CM010897.1; chromosome 20:CM010898.1; chromosome 21:CM010899.1; chromosome 22:CM010900.1; chromosome 23:CM010901.1; chromosome X:CM010902.1","RCWR01",8523,0,"2018-10-30T00:00:00Z","ftp://ftp.ncbi.nlm.nih.gov/genomes/all/GCA/003/704/035/GCA_003704035.1_HU_Pman_2.1",
"Mus musculus","Eukaryota;Animals;Mammals","AKR/J","SAMN04489815","PRJNA310854","GCA_001624295.1"," Chromosome",2712.71,42.4782,"chromosome 1:CM003974.1; chromosome 2:CM003975.1; chromosome 3:CM003976.1; chromosome 4:CM003977.1; chromosome 5:CM003978.1; chromosome 6:CM003979.1; chromosome 7:CM003980.1; chromosome 8:CM003981.1; chromosome 9:CM003982.1; chromosome 10:CM003983.1; chromosome 11:CM003984.1; chromosome 12:CM003985.1; chromosome 13:CM003986.1; chromosome 14:CM003987.1; chromosome 15:CM003988.1; chromosome 16:CM003989.1; chromosome 17:CM003990.1; chromosome 18:CM003991.1; chromosome 19:CM003992.1; chromosome X:CM003993.1; mitochondrion MT:CM004178.1","LVXJ01",5953,0,"2016-04-15T00:00:00Z","ftp://ftp.ncbi.nlm.nih.gov/genomes/all/GCA/001/624/295/GCA_001624295.1_AKR_J_v1",
"Mus musculus","Eukaryota;Animals;Mammals","A/J","SAMN04489813","PRJNA310854","GCA_001624215.1"," Chromosome",2630,42.3553,"chromosome 1:CM003954.1; chromosome 2:CM003955.1; chromosome 3:CM003956.1; chromosome 4:CM003957.1; chromosome 5:CM003958.1; chromosome 6:CM003959.1; chromosome 7:CM003960.1; chromosome 8:CM003961.1; chromosome 9:CM003962.1; chromosome 10:CM003963.1; chromosome 11:CM003964.1; chromosome 12:CM003965.1; chromosome 13:CM003966.1; chromosome 14:CM003967.1; chromosome 15:CM003968.1; chromosome 16:CM003969.1; chromosome 17:CM003970.1; chromosome 18:CM003971.1; chromosome 19:CM003972.1; chromosome X:CM003973.1; mitochondrion MT:CM004180.1","LVXI01",4688,0,"2016-04-15T00:00:00Z","ftp://ftp.ncbi.nlm.nih.gov/genomes/all/GCA/001/624/215/GCA_001624215.1_A_J_v1",
"Mus musculus","Eukaryota;Animals;Mammals","NZO/HiLtJ","SAMN04489828","PRJNA310854","GCA_001624745.1"," Chromosome",2699.27,42.6061,"chromosome 1:CM004154.1; chromosome 2:CM004155.1; chromosome 3:CM004156.1; chromosome 4:CM004157.1; chromosome 5:CM004158.1; chromosome 6:CM004159.1; chromosome 7:CM004160.1; chromosome 8:CM004161.1; chromosome 9:CM004162.1; chromosome 10:CM004163.1; chromosome 11:CM004164.1; chromosome 12:CM004165.1; chromosome 13:CM004166.1; chromosome 14:CM004167.1; chromosome 15:CM004168.1; chromosome 16:CM004169.1; chromosome 17:CM004170.1; chromosome 18:CM004171.1; chromosome 19:CM004172.1; chromosome X:CM004173.1; mitochondrion MT:CM004186.1","LVXT01",7022,0,"2016-04-15T00:00:00Z","ftp://ftp.ncbi.nlm.nih.gov/genomes/all/GCA/001/624/745/GCA_001624745.1_NZO_HlLtJ_v1",
"Mus musculus","Eukaryota;Animals;Mammals","BALB/cJ","SAMN04489816","PRJNA310854","GCA_001632525.1"," Chromosome",2627.34,42.4608,"chromosome 1:CM004194.1; chromosome 2:CM004195.1; chromosome 3:CM004196.1; chromosome 4:CM004197.1; chromosome 5:CM004198.1; chromosome 6:CM004199.1; chromosome 7:CM004200.1; chromosome 8:CM004201.1; chromosome 9:CM004202.1; chromosome 10:CM004203.1; chromosome 11:CM004204.1; chromosome 12:CM004205.1; chromosome 13:CM004206.1; chromosome 14:CM004207.1; chromosome 15:CM004208.1; chromosome 16:CM004209.1; chromosome 17:CM004210.1; chromosome 18:CM004211.1; chromosome 19:CM004212.1; chromosome X:CM004213.1; mitochondrion MT:CM004214.1","LVXK01",3825,0,"2016-04-15T00:00:00Z","ftp://ftp.ncbi.nlm.nih.gov/genomes/all/GCA/001/632/525/GCA_001632525.1_BALB_cJ_v1",
"Mus musculus","Eukaryota;Animals;Mammals","FVB/NJ","SAMN04489825","PRJNA310854","GCA_001624535.1"," Chromosome",2588.62,42.4778,"chromosome 1:CM004074.1; chromosome 2:CM004075.1; chromosome 3:CM004076.1; chromosome 4:CM004077.1; chromosome 5:CM004078.1; chromosome 6:CM004079.1; chromosome 7:CM004080.1; chromosome 8:CM004081.1; chromosome 9:CM004082.1; chromosome 10:CM004083.1; chromosome 11:CM004084.1; chromosome 12:CM004085.1; chromosome 13:CM004086.1; chromosome 14:CM004087.1; chromosome 15:CM004088.1; chromosome 16:CM004089.1; chromosome 17:CM004090.1; chromosome 18:CM004091.1; chromosome 19:CM004092.1; chromosome X:CM004093.1; mitochondrion MT:CM004184.1","LVXQ01",5013,0,"2016-04-15T00:00:00Z","ftp://ftp.ncbi.nlm.nih.gov/genomes/all/GCA/001/624/535/GCA_001624535.1_FVB_NJ_v1",
"Mus musculus","Eukaryota;Animals;Mammals","C3H/HeJ","SAMN04489818","PRJNA310854","GCA_001632575.1"," Chromosome",2701.13,42.6537,"chromosome 1:CM004235.1; chromosome 2:CM004236.1; chromosome 3:CM004237.1; chromosome 4:CM004238.1; chromosome 5:CM004239.1; chromosome 6:CM004240.1; chromosome 7:CM004241.1; chromosome 8:CM004242.1; chromosome 9:CM004243.1; chromosome 10:CM004244.1; chromosome 11:CM004245.1; chromosome 12:CM004246.1; chromosome 13:CM004247.1; chromosome 14:CM004248.1; chromosome 15:CM004249.1; chromosome 16:CM004250.1; chromosome 17:CM004251.1; chromosome 18:CM004252.1; chromosome 19:CM004253.1; chromosome X:CM004254.1; mitochondrion MT:CM004255.1","LVXL01",4069,0,"2016-04-15T00:00:00Z","ftp://ftp.ncbi.nlm.nih.gov/genomes/all/GCA/001/632/575/GCA_001632575.1_C3H_HeJ_v1",
"Mus musculus","Eukaryota;Animals;Mammals","129S1/SvImJ","SAMN04489811","PRJNA310854","GCA_001624185.1"," Chromosome",2732.67,42.7637,"chromosome 1:CM003934.1; chromosome 2:CM003935.1; chromosome 3:CM003936.1; chromosome 4:CM003937.1; chromosome 5:CM003938.1; chromosome 6:CM003939.1; chromosome 7:CM003940.1; chromosome 8:CM003941.1; chromosome 9:CM003942.1; chromosome 10:CM003943.1; chromosome 11:CM003944.1; chromosome 12:CM003945.1; chromosome 13:CM003946.1; chromosome 14:CM003947.1; chromosome 15:CM003948.1; chromosome 16:CM003949.1; chromosome 17:CM003950.1; chromosome 18:CM003951.1; chromosome 19:CM003952.1; chromosome X:CM003953.1; mitochondrion MT:CM004179.1","LVXH01",7154,0,"2016-04-15T00:00:00Z","ftp://ftp.ncbi.nlm.nih.gov/genomes/all/GCA/001/624/185/GCA_001624185.1_129S1_SvImJ_v1",
"Mus musculus","Eukaryota;Animals;Mammals","DBA/2J","SAMN04489824","PRJNA310854","GCA_001624505.1"," Chromosome",2606.16,42.5457,"chromosome 1:CM004034.1; chromosome 2:CM004035.1; chromosome 3:CM004036.1; chromosome 4:CM004037.1; chromosome 5:CM004038.1; chromosome 6:CM004039.1; chromosome 7:CM004040.1; chromosome 8:CM004041.1; chromosome 9:CM004042.1; chromosome 10:CM004043.1; chromosome 11:CM004044.1; chromosome 12:CM004045.1; chromosome 13:CM004046.1; chromosome 14:CM004047.1; chromosome 15:CM004048.1; chromosome 16:CM004049.1; chromosome 17:CM004050.1; chromosome 18:CM004051.1; chromosome 19:CM004052.1; chromosome X:CM004053.1; mitochondrion MT:CM004183.1","LVXP01",4105,0,"2016-04-15T00:00:00Z","ftp://ftp.ncbi.nlm.nih.gov/genomes/all/GCA/001/624/505/GCA_001624505.1_DBA_2J_v1",
"Mus musculus","Eukaryota;Animals;Mammals","CBA/J","SAMN04489823","PRJNA310854","GCA_001624475.1"," Chromosome",2921.73,43.137,"chromosome 1:CM004014.1; chromosome 2:CM004015.1; chromosome 3:CM004016.1; chromosome 4:CM004017.1; chromosome 5:CM004018.1; chromosome 6:CM004019.1; chromosome 7:CM004020.1; chromosome 8:CM004021.1; chromosome 9:CM004022.1; chromosome 10:CM004023.1; chromosome 11:CM004024.1; chromosome 12:CM004025.1; chromosome 13:CM004026.1; chromosome 14:CM004027.1; chromosome 15:CM004028.1; chromosome 16:CM004029.1; chromosome 17:CM004030.1; chromosome 18:CM004031.1; chromosome 19:CM004032.1; chromosome X:CM004033.1; mitochondrion MT:CM004182.1","LVXO01",5466,0,"2016-04-18T00:00:00Z","ftp://ftp.ncbi.nlm.nih.gov/genomes/all/GCA/001/624/475/GCA_001624475.1_CBA_J_v1",
"Mus musculus","Eukaryota;Animals;Mammals","C57BL/6NJ","SAMN04489821","PRJNA310854","GCA_001632555.1"," Chromosome",2806.8,42.9515,"chromosome 1:CM004215.1; chromosome 2:CM004216.1; chromosome 3:CM004217.1; chromosome 4:CM004218.1; chromosome 5:CM004219.1; chromosome 6:CM004220.1; chromosome 7:CM004221.1; chromosome 8:CM004222.1; chromosome 9:CM004223.1; chromosome 10:CM004224.1; chromosome 11:CM004225.1; chromosome 12:CM004226.1; chromosome 13:CM004227.1; chromosome 14:CM004228.1; chromosome 15:CM004229.1; chromosome 16:CM004230.1; chromosome 17:CM004231.1; chromosome 18:CM004232.1; chromosome 19:CM004233.1; chromosome X:CM004234.1; mitochondrion MT:CM004277.1","LVXM01",3894,0,"2016-04-18T00:00:00Z","ftp://ftp.ncbi.nlm.nih.gov/genomes/all/GCA/001/632/555/GCA_001632555.1_C57BL_6NJ_v1",
"Mus musculus","Eukaryota;Animals;Mammals","LP/J","SAMN04489826","PRJNA310854","GCA_001632615.1"," Chromosome",2730.8,42.8654,"chromosome 1:CM004256.1; chromosome 2:CM004257.1; chromosome 3:CM004258.1; chromosome 4:CM004259.1; chromosome 5:CM004260.1; chromosome 6:CM004261.1; chromosome 7:CM004262.1; chromosome 8:CM004263.1; chromosome 9:CM004264.1; chromosome 10:CM004265.1; chromosome 11:CM004266.1; chromosome 12:CM004267.1; chromosome 13:CM004268.1; chromosome 14:CM004269.1; chromosome 15:CM004270.1; chromosome 16:CM004271.1; chromosome 17:CM004272.1; chromosome 18:CM004273.1; chromosome 19:CM004274.1; chromosome X:CM004275.1; mitochondrion MT:CM004276.1","LVXR01",3499,0,"2016-04-15T00:00:00Z","ftp://ftp.ncbi.nlm.nih.gov/genomes/all/GCA/001/632/615/GCA_001632615.1_LP_J_v1",
"Mus musculus domesticus","Eukaryota;Animals;Mammals","WSB/EiJ","SAMN04489831","PRJNA310854","GCA_001624835.1"," Chromosome",2689.66,42.9479,"chromosome 1:CM004054.1; chromosome 2:CM004055.1; chromosome 3:CM004056.1; chromosome 4:CM004057.1; chromosome 5:CM004058.1; chromosome 6:CM004059.1; chromosome 7:CM004060.1; chromosome 8:CM004061.1; chromosome 9:CM004062.1; chromosome 10:CM004063.1; chromosome 11:CM004064.1; chromosome 12:CM004065.1; chromosome 13:CM004066.1; chromosome 14:CM004067.1; chromosome 15:CM004068.1; chromosome 16:CM004069.1; chromosome 17:CM004070.1; chromosome 18:CM004071.1; chromosome 19:CM004072.1; chromosome X:CM004073.1; mitochondrion MT:CM004189.1","LVXW01",2239,0,"2016-04-15T00:00:00Z","ftp://ftp.ncbi.nlm.nih.gov/genomes/all/GCA/001/624/835/GCA_001624835.1_WSB_EiJ_v1",
"Mus musculus castaneus","Eukaryota;Animals;Mammals","CAST/EiJ","SAMN04489822","PRJNA310854","GCA_001624445.1"," Chromosome",2653.99,42.8056,"chromosome 1:CM003994.1; chromosome 2:CM003995.1; chromosome 3:CM003996.1; chromosome 4:CM003997.1; chromosome 5:CM003998.1; chromosome 6:CM003999.1; chromosome 7:CM004000.1; chromosome 8:CM004001.1; chromosome 9:CM004002.1; chromosome 10:CM004003.1; chromosome 11:CM004004.1; chromosome 12:CM004005.1; chromosome 13:CM004006.1; chromosome 14:CM004007.1; chromosome 15:CM004008.1; chromosome 16:CM004009.1; chromosome 17:CM004010.1; chromosome 18:CM004011.1; chromosome 19:CM004012.1; chromosome X:CM004013.1; mitochondrion MT:CM004181.1","LVXN01",2977,0,"2016-04-18T00:00:00Z","ftp://ftp.ncbi.nlm.nih.gov/genomes/all/GCA/001/624/445/GCA_001624445.1_CAST_EiJ_v1",
"Mus musculus","Eukaryota;Animals;Mammals","NOD/ShiLtJ","SAMN04489827","PRJNA310854","GCA_001624675.1"," Chromosome",2982.06,43.5181,"chromosome X:CM004153.1; chromosome 1:CM004134.1; chromosome 2:CM004135.1; chromosome 3:CM004136.1; chromosome 4:CM004137.1; chromosome 5:CM004138.1; chromosome 6:CM004139.1; chromosome 7:CM004140.1; chromosome 8:CM004141.1; chromosome 9:CM004142.1; chromosome 10:CM004143.1; chromosome 11:CM004144.1; chromosome 12:CM004145.1; chromosome 13:CM004146.1; chromosome 14:CM004147.1; chromosome 15:CM004148.1; chromosome 16:CM004149.1; chromosome 17:CM004150.1; chromosome 18:CM004151.1; chromosome 19:CM004152.1; mitochondrion MT:CM004185.1","LVXS01",5544,0,"2016-04-15T00:00:00Z","ftp://ftp.ncbi.nlm.nih.gov/genomes/all/GCA/001/624/675/GCA_001624675.1_NOD_ShiLtJ_v1",
"Mus musculus musculus","Eukaryota;Animals;Mammals","PWK/PhJ","SAMN04489829","PRJNA310854","GCA_001624775.1"," Chromosome",2559.99,42.2966,"chromosome 1:CM004114.1; chromosome 2:CM004115.1; chromosome 3:CM004116.1; chromosome 4:CM004117.1; chromosome 5:CM004118.1; chromosome 6:CM004119.1; chromosome 7:CM004120.1; chromosome 8:CM004121.1; chromosome 9:CM004122.1; chromosome 10:CM004123.1; chromosome 11:CM004124.1; chromosome 12:CM004125.1; chromosome 13:CM004126.1; chromosome 14:CM004127.1; chromosome 15:CM004128.1; chromosome 16:CM004129.1; chromosome 17:CM004130.1; chromosome 18:CM004131.1; chromosome 19:CM004132.1; chromosome X:CM004133.1; mitochondrion MT:CM004187.1","LVXU01",3140,0,"2016-04-15T00:00:00Z","ftp://ftp.ncbi.nlm.nih.gov/genomes/all/GCA/001/624/775/GCA_001624775.1_PWK_PhJ_v1",
"Mus musculus","Eukaryota;Animals;Mammals","mixed","SAMN03004379","PRJNA11785","GCA_000002165.1"," Chromosome",3251.25,41.8304,"chromosome 1:CM000209.2; chromosome 2:CM000210.1; chromosome 3:CM000211.2; chromosome 4:CM000212.2; chromosome 5:CM000213.2; chromosome 6:CM000214.2; chromosome 7:CM000215.2; chromosome 8:CM000216.2; chromosome 9:CM000217.2; chromosome 10:CM000218.2; chromosome 11:CM000219.2; chromosome 12:CM000220.2; chromosome 13:CM000221.2; chromosome 14:CM000222.2; chromosome 15:CM000223.2; chromosome 16:CM000224.2; chromosome 17:CM000225.2; chromosome 18:CM000226.2; chromosome 19:CM000227.1; chromosome X:CM000228.2; chromosome Y:CM000229.1","AAHY01",668539,44918,"2005-07-07T00:00:00Z","ftp://ftp.ncbi.nlm.nih.gov/genomes/all/GCA/000/002/165/GCA_000002165.1_Mm_Celera",
"Mus musculus","Eukaryota;Animals;Mammals","C57BL/6J","","PRJNA11777","GCA_000001635.8"," Chromosome",2818.97,41.951,"chromosome 1:NC_000067.6/CM000994.2; chromosome 2:NC_000068.7/CM000995.2; chromosome 3:NC_000069.6/CM000996.2; chromosome 4:NC_000070.6/CM000997.2; chromosome 5:NC_000071.6/CM000998.2; chromosome 6:NC_000072.6/CM000999.2; chromosome 7:NC_000073.6/CM001000.2; chromosome 8:NC_000074.6/CM001001.2; chromosome 9:NC_000075.6/CM001002.2; chromosome 10:NC_000076.6/CM001003.2; chromosome 11:NC_000077.6/CM001004.2; chromosome 12:NC_000078.6/CM001005.2; chromosome 13:NC_000079.6/CM001006.2; chromosome 14:NC_000080.6/CM001007.2; chromosome 15:NC_000081.6/CM001008.2; chromosome 16:NC_000082.6/CM001009.2; chromosome 17:NC_000083.6/CM001010.2; chromosome 18:NC_000084.6/CM001011.2; chromosome 19:NC_000085.6/CM001012.2; chromosome X:NC_000086.7/CM001013.2; chromosome Y:NC_000087.7/CM001014.2; mitochondrion MT:NC_005089.1/AY172335.1",,336,87887,"2004-09-02T00:00:00Z","ftp://ftp.ncbi.nlm.nih.gov/genomes/all/GCA/000/001/635/GCA_000001635.8_GRCm38.p6","ftp://ftp.ncbi.nlm.nih.gov/genomes/all/GCF/000/001/635/GCF_000001635.26_GRCm38.p6"
"Rattus norvegicus","Eukaryota;Animals;Mammals","mixed","SAMN02808228","PRJNA10629","GCA_000001895.4"," Chromosome",2870.18,42.3282,"chromosome 1:NC_005100.4/CM000072.5; chromosome 2:NC_005101.4/CM000073.5; chromosome 3:NC_005102.4/CM000074.5; chromosome 4:NC_005103.4/CM000075.5; chromosome 5:NC_005104.4/CM000076.5; chromosome 6:NC_005105.4/CM000077.5; chromosome 7:NC_005106.4/CM000078.5; chromosome 8:NC_005107.4/CM000079.5; chromosome 9:NC_005108.4/CM000080.5; chromosome 10:NC_005109.4/CM000081.5; chromosome 11:NC_005110.4/CM000082.5; chromosome 12:NC_005111.4/CM000083.5; chromosome 13:NC_005112.4/CM000084.5; chromosome 14:NC_005113.4/CM000085.5; chromosome 15:NC_005114.4/CM000086.5; chromosome 16:NC_005115.4/CM000087.5; chromosome 17:NC_005116.4/CM000088.5; chromosome 18:NC_005117.4/CM000089.5; chromosome 19:NC_005118.4/CM000090.5; chromosome 20:NC_005119.4/CM000091.5; chromosome X:NC_005120.4/CM000092.5; chromosome Y:NC_024475.1/CM002824.1; mitochondrion MT:NC_001665.2/AY172581.1","AABR07",1395,56113,"2002-11-27T00:00:00Z","ftp://ftp.ncbi.nlm.nih.gov/genomes/all/GCA/000/001/895/GCA_000001895.4_Rnor_6.0","ftp://ftp.ncbi.nlm.nih.gov/genomes/all/GCF/000/001/895/GCF_000001895.5_Rnor_6.0"
"Microtus ochrogaster","Eukaryota;Animals;Mammals","Prairie Vole_2","SAMN00727831","PRJNA72443","GCA_000317375.1"," Chromosome",2287.34,42.8312,"chromosome 1:NC_022009.1/CM001672.1; chromosome 2:NC_022010.1/CM001673.1; chromosome 4:NC_022011.1/CM001674.1; chromosome 5:NC_022012.1/CM001675.1; chromosome 6:NC_022013.1/CM001676.1; chromosome 7:NC_022014.1/CM001677.1; chromosome 8:NC_022015.1/CM001678.1; chromosome 10:NC_022016.1/CM001679.1; chromosome 15:NC_022017.1/CM001680.1; chromosome 16:NC_022018.1/CM001681.1; chromosome 17:NC_022019.1/CM001682.1; chromosome 18:NC_022020.1/CM001683.1; chromosome 19:NC_022021.1/CM001684.1; chromosome 21:NC_022022.1/CM001685.1; chromosome 22:NC_022023.1/CM001686.1; chromosome 24:NC_022024.1/CM001687.1; chromosome 26:NC_022025.1/CM001688.1; chromosome X:NC_022026.1/CM001689.1; linkage group LG1:NC_022027.1/CM001690.1; linkage group LG2:NC_022028.1/CM001691.1; linkage group LG3:NC_022029.1/CM001692.1; linkage group LG4:NC_022030.1/CM001693.1; linkage group LG5:NC_022031.1/CM001694.1; linkage group LG7_11:NC_022032.1/CM001695.1; linkage group LG8:NC_022033.1/CM001696.1; linkage group LG9:NC_022034.1/CM001697.1; linkage group LG10:NC_022035.1/CM001698.1; linkage group LG12:NC_022036.1/CM001699.1","AHZW01",6450,37795,"2012-12-03T00:00:00Z","ftp://ftp.ncbi.nlm.nih.gov/genomes/all/GCA/000/317/375/GCA_000317375.1_MicOch1.0","ftp://ftp.ncbi.nlm.nih.gov/genomes/all/GCF/000/317/375/GCF_000317375.1_MicOch1.0"
"Mus pahari","Eukaryota;Animals;Mammals","","SAMEA3367645","PRJEB14896","GCA_900095145.2"," Chromosome",2475.01,42.6694,"chromosome 1:NC_034590.1/LT608296.1; chromosome 2:NC_034591.1/LT608286.1; chromosome 3:NC_034592.1/LT608290.1; chromosome 4:NC_034593.1/LT608287.1; chromosome 5:NC_034594.1/LT608292.1; chromosome 6:NC_034595.1/LT608307.1; chromosome 7:NC_034596.1/LT608288.1; chromosome 8:NC_034597.1/LT608301.1; chromosome 9:NC_034598.1/LT608291.1; chromosome 10:NC_034599.1/LT608289.1; chromosome 11:NC_034600.1/LT608304.1; chromosome 12:NC_034601.1/LT608305.1; chromosome 13:NC_034602.1/LT608299.1; chromosome 14:NC_034603.1/LT608308.1; chromosome 15:NC_034604.1/LT608295.1; chromosome 16:NC_034605.1/LT608294.1; chromosome 17:NC_034606.1/LT608298.1; chromosome 18:NC_034607.1/LT608302.1; chromosome 19:NC_034608.1/LT608297.1; chromosome 20:NC_034609.1/LT608293.1; chromosome 21:NC_034610.1/LT608306.1; chromosome 22:NC_034611.1/LT608303.1; chromosome 23:NC_034612.1/LT608309.1; chromosome X:NC_034613.1/LT608300.1","FMBV02",2581,42226,"2017-01-10T00:00:00Z","ftp://ftp.ncbi.nlm.nih.gov/genomes/all/GCA/900/095/145/GCA_900095145.2_PAHARI_EIJ_v1.1","ftp://ftp.ncbi.nlm.nih.gov/genomes/all/GCF/900/095/145/GCF_900095145.1_PAHARI_EIJ_v1.1"
"Rattus norvegicus","Eukaryota;Animals;Mammals","BN; Sprague-Dawley","SAMN03000701","PRJNA13999","GCA_000002265.1"," Chromosome",2616.42,42.3564,"chromosome 1:AC_000069.1/CM000231.2; chromosome 2:AC_000070.1/CM000232.2; chromosome 3:AC_000071.1/CM000233.2; chromosome 4:AC_000072.1/CM000234.2; chromosome 5:AC_000073.1/CM000235.2; chromosome 6:AC_000074.1/CM000236.2; chromosome 7:AC_000075.1/CM000237.2; chromosome 8:AC_000076.1/CM000238.2; chromosome 9:AC_000077.1/CM000239.2; chromosome 10:AC_000078.1/CM000240.1; chromosome 11:AC_000079.1/CM000241.2; chromosome 12:AC_000080.1/CM000242.1; chromosome 13:AC_000081.1/CM000243.2; chromosome 14:AC_000082.1/CM000244.2; chromosome 15:AC_000083.1/CM000245.1; chromosome 16:AC_000084.1/CM000246.2; chromosome 17:AC_000085.1/CM000247.2; chromosome 18:AC_000086.1/CM000248.2; chromosome 19:AC_000087.1/CM000249.2; chromosome 20:AC_000088.1/CM000250.2; chromosome X:AC_000089.1/CM000251.2","AAHX01",7271,28074,"2005-07-08T00:00:00Z","ftp://ftp.ncbi.nlm.nih.gov/genomes/all/GCA/000/002/265/GCA_000002265.1_Rn_Celera","ftp://ftp.ncbi.nlm.nih.gov/genomes/all/GCF/000/002/265/GCF_000002265.2_Rn_Celera"
